,driverId,driverRef,code,nationality
0,1,hamilton,HAM,British
1,2,heidfeld,HEI,German
2,3,rosberg,ROS,German
3,4,alonso,ALO,Spanish
4,5,kovalainen,KOV,Finnish
5,6,nakajima,NAK,Japanese
6,7,bourdais,BOU,French
7,8,raikkonen,RAI,Finnish
8,9,kubica,KUB,Polish
9,10,glock,GLO,German
10,11,sato,SAT,Japanese
11,12,piquet_jr,PIQ,Brazilian
12,13,massa,MAS,Brazilian
13,14,coulthard,COU,British
14,15,trulli,TRU,Italian
15,16,sutil,SUT,German
16,17,webber,WEB,Australian
17,18,button,BUT,British
18,19,davidson,DAV,British
19,20,vettel,VET,German
20,21,fisichella,FIS,Italian
21,22,barrichello,BAR,Brazilian
22,23,ralf_schumacher,SCH,German
23,24,liuzzi,LIU,Italian
24,25,wurz,WUR,Austrian
25,26,speed,SPE,American
26,27,albers,ALB,Dutch
27,28,markus_winkelhock,WIN,German
28,29,yamamoto,YAM,Japanese
29,30,michael_schumacher,MSC,German
30,31,montoya,MON,Colombian
31,32,klien,KLI,Austrian
32,33,monteiro,TMO,Portuguese
33,34,ide,IDE,Japanese
34,35,villeneuve,VIL,Canadian
35,36,montagny,FMO,French
36,37,rosa,DLR,Spanish
37,38,doornbos,DOO,Dutch
38,39,karthikeyan,KAR,Indian
39,40,friesacher,FRI,Austrian
40,41,zonta,ZON,Brazilian
41,42,pizzonia,PIZ,Brazilian
42,43,matta,\N,Brazilian
43,44,panis,\N,French
44,45,pantano,\N,Italian
45,46,bruni,\N,Italian
46,47,baumgartner,\N,Hungarian
47,48,gene,\N,Spanish
48,49,frentzen,\N,German
49,50,verstappen,\N,Dutch
50,51,wilson,\N,British
51,52,firman,\N,Irish
52,53,kiesa,\N,Danish
53,54,burti,\N,Brazilian
54,55,alesi,\N,French
55,56,irvine,\N,British
56,57,hakkinen,\N,Finnish
57,58,marques,\N,Brazilian
58,59,bernoldi,\N,Brazilian
59,60,mazzacane,\N,Argentine
60,61,enge,\N,Czech
61,62,yoong,\N,Malaysian
62,63,salo,\N,Finnish
63,64,diniz,\N,Brazilian
64,65,herbert,\N,British
65,66,mcnish,\N,British
66,67,buemi,BUE,Swiss
67,68,takagi,\N,Japanese
68,69,badoer,BAD,Italian
69,70,zanardi,\N,Italian
70,71,damon_hill,\N,British
71,72,sarrazin,\N,French
72,73,rosset,\N,Brazilian
73,74,tuero,\N,Argentine
74,75,nakano,\N,Japanese
75,76,magnussen,MAG,Danish
76,77,berger,\N,Austrian
77,78,larini,\N,Italian
78,79,katayama,\N,Japanese
79,80,sospiri,\N,Italian
80,81,morbidelli,\N,Italian
81,82,fontana,\N,Argentine
82,83,lamy,\N,Portuguese
83,84,brundle,\N,British
84,85,montermini,\N,Italian
85,86,lavaggi,\N,Italian
86,87,blundell,\N,British
87,88,suzuki,\N,Japanese
88,89,inoue,\N,Japanese
89,90,moreno,\N,Brazilian
90,91,wendlinger,\N,Austrian
91,92,gachot,\N,Belgian
92,93,schiattarella,\N,Italian
93,94,martini,\N,Italian
94,95,mansell,\N,British
95,96,boullion,\N,French
96,97,papis,\N,Italian
97,98,deletraz,\N,Swiss
98,99,tarquini,\N,Italian
99,100,comas,\N,French
100,101,brabham,\N,Australian
101,102,senna,\N,Brazilian
102,103,bernard,\N,French
103,104,fittipaldi,\N,Brazilian
104,105,alboreto,\N,Italian
105,106,beretta,\N,Monegasque
106,107,ratzenberger,\N,Austrian
107,108,belmondo,\N,French
108,109,lehto,\N,Finnish
109,110,cesaris,\N,Italian
110,111,gounon,\N,French
111,112,alliot,\N,French
112,113,adams,\N,Belgian
113,114,dalmas,\N,French
114,115,noda,\N,Japanese
115,116,lagorce,\N,French
116,117,prost,\N,French
117,118,warwick,\N,British
118,119,patrese,\N,Italian
119,120,barbazza,\N,Italian
120,121,andretti,\N,American
121,122,capelli,\N,Italian
122,123,boutsen,\N,Belgian
123,124,apicella,\N,Italian
124,125,naspetti,\N,Italian
125,126,toshio_suzuki,\N,Japanese
126,127,gugelmin,\N,Brazilian
127,128,poele,\N,Belgian
128,129,grouillard,\N,French
129,130,chiesa,\N,Swiss
130,131,modena,\N,Italian
131,132,amati,\N,Italian
132,133,caffi,\N,Italian
133,134,bertaggia,\N,Italian
134,135,mccarthy,\N,British
135,136,lammers,\N,Dutch
136,137,piquet,\N,Brazilian
137,138,satoru_nakajima,\N,Japanese
138,139,pirro,\N,Italian
139,140,johansson,\N,Swedish
140,141,bailey,\N,British
141,142,chaves,\N,Portuguese
142,143,bartels,\N,German
143,144,hattori,\N,Japanese
144,145,nannini,\N,Italian
145,146,schneider,\N,German
146,147,barilla,\N,Italian
147,148,foitek,\N,Swiss
148,149,langes,\N,Italian
149,150,gary_brabham,\N,Australian
150,151,donnelly,\N,British
151,152,giacomelli,\N,Italian
152,153,alguersuari,ALG,Spanish
153,154,grosjean,GRO,French
154,155,kobayashi,KOB,Japanese
155,156,palmer,\N,British
156,157,danner,\N,German
157,158,cheever,\N,American
158,159,sala,\N,Spanish
159,160,ghinzani,\N,Italian
160,161,weidler,\N,German
161,162,raphanel,\N,French
162,163,arnoux,\N,French
163,164,joachim_winkelhock,\N,German
164,165,larrauri,\N,Argentine
165,166,streiff,\N,French
166,167,campos,\N,Spanish
167,168,schlesser,\N,French
168,169,fabre,\N,French
169,170,fabi,\N,Italian
170,171,forini,\N,Swiss
171,172,laffite,\N,French
172,173,angelis,\N,Italian
173,174,dumfries,\N,British
174,175,tambay,\N,French
175,176,surer,\N,Swiss
176,177,keke_rosberg,\N,Finnish
177,178,jones,\N,Australian
178,179,rothengatter,\N,Dutch
179,180,berg,\N,Canadian
180,181,manfred_winkelhock,\N,German
181,182,lauda,\N,Austrian
182,183,hesnault,\N,French
183,184,baldi,\N,Italian
184,185,bellof,\N,German
185,186,acheson,\N,British
186,187,watson,\N,British
187,188,cecotto,\N,Venezuelan
188,189,gartner,\N,Austrian
189,190,corrado_fabi,\N,Italian
190,191,thackwell,\N,New Zealander
191,192,serra,\N,Brazilian
192,193,sullivan,\N,American
193,194,salazar,\N,Chilean
194,195,guerrero,\N,Colombian
195,196,boesel,\N,Brazilian
196,197,jarier,\N,French
197,198,villeneuve_sr,\N,Canadian
198,199,reutemann,\N,Argentine
199,200,mass,\N,German
200,201,borgudd,\N,Swedish
201,202,pironi,\N,French
202,203,gilles_villeneuve,\N,Canadian
203,204,paletti,\N,Italian
204,205,henton,\N,British
205,206,daly,\N,Irish
206,207,mario_andretti,\N,American
207,208,villota,\N,Spanish
208,209,lees,\N,British
209,210,byrne,\N,Irish
210,211,keegan,\N,British
211,212,rebaque,\N,Mexican
212,213,gabbiani,\N,Italian
213,214,cogan,\N,American
214,215,guerra,\N,Argentine
215,216,stohr,\N,Italian
216,217,zunino,\N,Argentine
217,218,londono,\N,Colombian
218,219,jabouille,\N,French
219,220,francia,\N,Italian
220,221,depailler,\N,French
221,222,scheckter,\N,South African
222,223,regazzoni,\N,Swiss
223,224,emerson_fittipaldi,\N,Brazilian
224,225,kennedy,\N,Irish
225,226,south,\N,British
226,227,needell,\N,British
227,228,desire_wilson,\N,South African
228,229,ertl,\N,Austrian
229,230,brambilla,\N,Italian
230,231,hunt,\N,British
231,232,merzario,\N,Italian
232,233,stuck,\N,German
233,234,brancatelli,\N,Italian
234,235,ickx,\N,Belgian
235,236,gaillard,\N,French
236,237,ribeiro,\N,Brazilian
237,238,peterson,\N,Swedish
238,239,lunger,\N,American
239,240,ongais,\N,American
240,241,leoni,\N,Italian
241,242,galica,\N,British
242,243,stommelen,\N,German
243,244,colombo,\N,Italian
244,245,trimmer,\N,British
245,246,binder,\N,Austrian
246,247,bleekemolen,\N,Dutch
247,248,gimax,\N,Italian
248,249,rahal,\N,American
249,250,pace,\N,Brazilian
250,251,ian_scheckter,\N,South African
251,252,pryce,\N,British
252,253,hoffmann,\N,Brazilian
253,254,zorzi,\N,Italian
254,255,nilsson,\N,Swedish
255,256,perkins,\N,Australian
256,257,hayje,\N,Dutch
257,258,neve,\N,Belgian
258,259,purley,\N,British
259,260,andersson,\N,Swedish
260,261,dryver,\N,Belgian
261,262,oliver,\N,British
262,263,kozarowitzky,\N,Finnish
263,264,sutcliffe,\N,British
264,265,edwards,\N,British
265,266,mcguire,\N,Australian
266,267,schuppan,\N,Australian
267,268,heyer,\N,German
268,269,pilette,\N,Belgian
269,270,ashley,\N,British
270,271,kessel,\N,Swiss
271,272,takahashi,\N,Japanese
272,273,hoshino,\N,Japanese
273,274,takahara,\N,Japanese
274,275,lombardi,\N,Italian
275,276,evans,\N,British
276,277,leclere,\N,French
277,278,amon,\N,New Zealander
278,279,zapico,\N,Spanish
279,280,pescarolo,\N,French
280,281,nelleman,\N,Danish
281,282,magee,\N,British
282,283,wilds,\N,British
283,284,pesenti_rossi,\N,Italian
284,285,stuppacher,\N,Austrian
285,286,brown,\N,Australian
286,287,hasemi,\N,Japanese
287,288,donohue,\N,American
288,289,hill,\N,British
289,290,wilson_fittipaldi,\N,Brazilian
290,291,tunmer,\N,South African
291,292,keizan,\N,South African
292,293,charlton,\N,South African
293,294,brise,\N,British
294,295,wunderink,\N,Dutch
295,296,migault,\N,French
296,297,palm,\N,Swedish
297,298,lennep,\N,Dutch
298,299,fushida,\N,Japanese
299,300,nicholson,\N,New Zealander
300,301,morgan,\N,British
301,302,crawford,\N,British
302,303,vonlanthen,\N,Swiss
303,304,hulme,\N,New Zealander
304,305,hailwood,\N,British
305,306,beltoise,\N,French
306,307,ganley,\N,New Zealander
307,308,robarts,\N,British
308,309,revson,\N,American
309,310,driver,\N,South African
310,311,belso,\N,Danish
311,312,redman,\N,British
312,313,opel,\N,Liechtensteiner
313,314,schenken,\N,Australian
314,315,larrousse,\N,French
315,316,kinnunen,\N,Finnish
316,317,wisell,\N,Swedish
317,318,roos,\N,Swedish
318,319,dolhem,\N,French
319,320,gethin,\N,British
320,321,bell,\N,British
321,322,hobbs,\N,British
322,323,quester,\N,Austrian
323,324,koinigg,\N,Austrian
324,325,facetti,\N,Italian
325,326,wietzes,\N,Canadian
326,327,cevert,\N,French
327,328,stewart,\N,British
328,329,beuttler,\N,British
329,330,galli,\N,Italian
330,331,bueno,\N,Brazilian
331,332,follmer,\N,American
332,333,adamich,\N,Italian
333,334,pretorius,\N,South African
334,335,williamson,\N,British
335,336,mcrae,\N,New Zealander
336,337,marko,\N,Austrian
337,338,walker,\N,Australian
338,339,roig,\N,Spanish
339,340,love,\N,Rhodesian
340,341,surtees,\N,British
341,342,barber,\N,American
342,343,brack,\N,Canadian
343,344,posey,\N,American
344,345,rodriguez,\N,Mexican
345,346,siffert,\N,Swiss
346,347,bonnier,\N,Swedish
347,348,mazet,\N,French
348,349,jean,\N,French
349,350,elford,\N,British
350,351,moser,\N,Swiss
351,352,eaton,\N,Canadian
352,353,lovely,\N,American
353,354,craft,\N,British
354,355,Cannoc,\N,Canadian
355,356,jack_brabham,\N,Australian
356,357,miles,\N,British
357,358,rindt,\N,Austrian
358,359,gavin,\N,French
359,360,mclaren,\N,New Zealander
360,361,courage,\N,British
361,362,klerk,\N,South African
362,363,giunti,\N,Italian
363,364,gurney,\N,American
364,365,hahne,\N,German
365,366,hutchison,\N,American
366,367,westbury,\N,British
367,368,tingle,\N,Rhodesian
368,369,rooyen,\N,South African
369,370,attwood,\N,British
370,371,pease,\N,Canadian
371,372,cordts,\N,Canadian
372,373,clark,\N,British
373,374,spence,\N,British
374,375,scarfiotti,\N,Italian
375,376,bianchi,BIA,Belgian
376,377,jo_schlesser,\N,French
377,378,widdows,\N,British
378,379,ahrens,\N,German
379,380,gardner,\N,Australian
380,381,unser,\N,American
381,382,solana,\N,Mexican
382,383,anderson,\N,British
383,384,botha,\N,South African
384,385,bandini,\N,Italian
385,386,ginther,\N,American
386,387,parkes,\N,British
387,388,irwin,\N,British
388,389,ligier,\N,French
389,390,rees,\N,British
390,391,hart,\N,British
391,392,fisher,\N,American
392,393,tom_jones,\N,American
393,394,baghetti,\N,Italian
394,395,williams,\N,British
395,396,bondurant,\N,American
396,397,arundell,\N,British
397,398,vic_wilson,\N,British
398,399,taylor,\N,British
399,400,lawrence,\N,British
400,401,trevor_taylor,\N,British
401,402,geki,\N,Italian
402,403,phil_hill,\N,American
403,404,ireland,\N,British
404,405,bucknum,\N,American
405,406,hawkins,\N,Australian
406,407,prophet,\N,British
407,408,maggs,\N,South African
408,409,blokdyk,\N,South African
409,410,lederle,\N,South African
410,411,serrurier,\N,South African
411,412,niemann,\N,South African
412,413,pieterse,\N,South African
413,414,puzey,\N,Rhodesian
414,415,reed,\N,South African
415,416,clapham,\N,South African
416,417,blignaut,\N,South African
417,418,gregory,\N,American
418,419,rhodes,\N,British
419,420,raby,\N,British
420,421,rollinson,\N,British
421,422,gubby,\N,British
422,423,mitter,\N,German
423,424,bussinello,\N,Italian
424,425,vaccarella,\N,Italian
425,426,bassi,\N,Italian
426,427,trintignant,\N,French
427,428,collomb,\N,French
428,429,andre_pilette,\N,Belgian
429,430,beaufort,\N,Dutch
430,431,barth,\N,German
431,432,cabral,\N,Portuguese
432,433,hansgen,\N,American
433,434,sharp,\N,American
434,435,mairesse,\N,Belgian
435,436,campbell-jones,\N,British
436,437,burgess,\N,British
437,438,settember,\N,American
438,439,estefano,\N,Argentine
439,440,hall,\N,American
440,441,parnell,\N,British
441,442,kuhnke,\N,German
442,443,ernesto_brambilla,\N,Italian
443,444,lippi,\N,Italian
444,445,seiffert,\N,German
445,446,abate,\N,Italian
446,447,starrabba,\N,Italian
447,448,broeker,\N,Canadian
448,449,ward,\N,American
449,450,vos,\N,Dutch
450,451,dochnal,\N,American
451,452,monarch,\N,American
452,842,gasly,GAS,French
453,453,lewis,\N,British
454,454,ricardo_rodriguez,\N,Mexican
455,455,seidel,\N,German
456,456,salvadori,\N,British
457,457,pon,\N,Dutch
458,458,slotemaker,\N,Dutch
459,459,marsh,\N,British
460,460,ashmore,\N,British
461,461,schiller,\N,Swiss
462,462,davis,\N,British
463,463,chamberlain,\N,American
464,464,shelly,\N,New Zealander
465,465,greene,\N,British
466,466,walter,\N,Swiss
467,467,prinoth,\N,Italian
468,468,penske,\N,American
469,469,schroeder,\N,British
470,470,mayer,\N,American
471,471,johnstone,\N,South African
472,472,harris,\N,South African
473,473,hocking,\N,Rhodesian
474,474,vyver,\N,South African
475,475,moss,\N,British
476,476,trips,\N,German
477,477,allison,\N,British
478,478,herrmann,\N,German
479,479,brooks,\N,British
480,480,may,\N,Swiss
481,481,henry_taylor,\N,British
482,482,gendebien,\N,Belgian
483,483,scarlatti,\N,Italian
484,484,naylor,\N,British
485,485,bordeu,\N,Argentine
486,486,fairman,\N,British
487,487,natili,\N,Italian
488,488,monteverdi,\N,Swiss
489,489,pirocchi,\N,Italian
490,490,duke,\N,British
491,491,thiele,\N,American-Italian
492,492,boffa,\N,Italian
493,493,ryan,\N,Canadian
494,494,ruby,\N,American
495,495,ken_miles,\N,British
496,496,menditeguy,\N,Argentine
497,497,larreta,\N,Argentine
498,498,gonzalez,\N,Argentine
499,499,bonomi,\N,Argentine
500,500,munaron,\N,Italian
501,501,schell,\N,American
502,502,stacey,\N,British
503,503,chimeri,\N,Venezuelan
504,504,creus,\N,Spanish
505,505,bristow,\N,British
506,506,halford,\N,British
507,507,daigh,\N,American
508,508,reventlow,\N,American
509,509,rathmann,\N,American
510,510,goldsmith,\N,American
511,511,branson,\N,American
512,512,thomson,\N,American
513,513,johnson,\N,American
514,514,veith,\N,American
515,515,tingelstad,\N,American
516,516,christie,\N,American
517,517,amick,\N,American
518,518,darter,\N,American
519,519,homeier,\N,American
520,520,hartley,\N,American
521,521,stevenson,\N,American
522,522,grim,\N,American
523,523,templeman,\N,American
524,524,hurtubise,\N,American
525,525,bryan,\N,American
526,526,ruttman,\N,American
527,527,sachs,\N,American
528,528,freeland,\N,American
529,529,bettenhausen,\N,American
530,530,weiler,\N,American
531,531,foyt,\N,American
532,532,russo,\N,American
533,533,boyd,\N,American
534,534,force,\N,American
535,535,mcwithey,\N,American
536,536,sutton,\N,American
537,537,dick_rathmann,\N,American
538,538,herman,\N,American
539,539,dempsey_wilson,\N,American
540,540,mike_taylor,\N,British
541,541,flockhart,\N,British
542,542,piper,\N,British
543,543,cabianca,\N,Italian
544,544,drogo,\N,Italian
545,545,gamble,\N,American
546,546,owen,\N,British
547,547,gould,\N,British
548,548,drake,\N,American
549,549,bueb,\N,British
550,550,Changy,\N,Belgian
551,551,filippis,\N,Italian
552,552,lucienbonnet,\N,French
553,553,testut,\N,Monegasque
554,554,behra,\N,French
555,555,paul_russo,\N,American
556,556,daywalt,\N,American
557,557,arnold,\N,American
558,558,keller,\N,American
559,559,flaherty,\N,American
560,560,cheesbourg,\N,American
561,561,ray_crawford,\N,American
562,562,turner,\N,American
563,563,weyant,\N,American
564,564,larson,\N,American
565,565,magill,\N,American
566,566,shelby,\N,American
567,567,orey,\N,Brazilian
568,568,fontes,\N,Uruguayan
569,569,ashdown,\N,British
570,570,bill_moss,\N,British
571,571,dennis_taylor,\N,British
572,572,blanchard,\N,American
573,573,tomaso,\N,Argentine-Italian
574,574,constantine,\N,American
575,575,said,\N,American
576,576,cade,\N,American
577,577,musso,\N,Italian
578,578,hawthorn,\N,British
579,579,fangio,\N,Argentine
580,580,godia,\N,Spanish
581,581,collins,\N,British
582,582,kavanagh,\N,Australian
583,583,gerini,\N,Italian
584,584,kessler,\N,American
585,585,emery,\N,British
586,586,piotti,\N,Italian
587,587,ecclestone,\N,British
588,588,taramazzo,\N,Italian
589,589,chiron,\N,Monegasque
590,590,lewis-evans,\N,British
591,591,george_amick,\N,American
592,592,reece,\N,American
593,593,parsons,\N,American
594,594,tolan,\N,American
595,595,garrett,\N,American
596,596,elisian,\N,American
597,597,connor,\N,American
598,598,jerry_unser,\N,American
599,599,bisch,\N,American
600,600,goethals,\N,Belgian
601,601,gibson,\N,British
602,602,la_caze,\N,French
603,603,guelfi,\N,French
604,604,picard,\N,French
605,605,bridger,\N,British
606,606,portago,\N,Spanish
607,607,perdisa,\N,Italian
608,608,castellotti,\N,Italian
609,609,simon,\N,French
610,610,leston,\N,British
611,611,hanks,\N,American
612,612,linden,\N,American
613,613,teague,\N,American
614,614,edmunds,\N,American
615,615,agabashian,\N,American
616,616,george,\N,American
617,617,macdowel,\N,British
618,618,mackay-fraser,\N,American
619,619,gerard,\N,British
620,620,maglioli,\N,Italian
621,621,england,\N,Australian
622,622,landi,\N,Brazilian
623,623,uria,\N,Uruguayan
624,624,ramos,\N,Brazilian
625,625,bayol,\N,French
626,626,manzon,\N,French
627,627,rosier,\N,French
628,628,sweikert,\N,American
629,629,griffith,\N,American
630,630,dinsmore,\N,American
631,631,andrews,\N,American
632,632,frere,\N,Belgian
633,633,villoresi,\N,Italian
634,634,scotti,\N,Italian
635,635,chapman,\N,British
636,636,titterington,\N,British
637,637,scott_Brown,\N,British
638,638,volonterio,\N,Swiss
639,639,milhoux,\N,Belgian
640,640,graffenried,\N,Swiss
641,641,taruffi,\N,Italian
642,642,farina,\N,Italian
643,643,mieres,\N,Argentine
644,644,mantovani,\N,Italian
645,645,bucci,\N,Argentine
646,646,iglesias,\N,Argentine
647,647,ascari,\N,Italian
648,648,kling,\N,German
649,649,birger,\N,Argentine
650,650,pollet,\N,French
651,651,macklin,\N,British
652,652,whiteaway,\N,British
653,653,davies,\N,American
654,654,faulkner,\N,American
655,655,niday,\N,American
656,656,cross,\N,American
657,657,vukovich,\N,American
658,658,mcgrath,\N,American
659,659,hoyt,\N,American
660,660,claes,\N,Belgian
661,661,peter_walker,\N,British
662,662,sparken,\N,French
663,663,wharton,\N,British
664,664,mcalpine,\N,British
665,665,marr,\N,British
666,666,rolt,\N,British
667,667,fitch,\N,American
668,668,lucas,\N,French
669,669,bira,\N,Thai
670,670,marimon,\N,Argentine
671,671,loyer,\N,French
672,672,daponte,\N,Argentine
673,673,nazaruk,\N,American
674,674,crockett,\N,American
675,675,ayulo,\N,American
676,676,armi,\N,American
677,677,webb,\N,American
678,678,duncan,\N,American
679,679,mccoy,\N,American
680,680,swaters,\N,American
681,681,georges_berger,\N,Belgian
682,682,beauman,\N,British
683,683,thorne,\N,British
684,684,whitehouse,\N,British
685,685,riseley_prichard,\N,British
686,686,reg_parnell,\N,British
687,687,whitehead,\N,British
688,688,brandon,\N,British
689,689,alan_brown,\N,British
690,690,nuckey,\N,British
691,691,lang,\N,German
692,692,helfrich,\N,German
693,693,wacker,\N,American
694,694,riu,\N,Italian
695,695,galvez,\N,Argentine
696,696,john_barber,\N,British
697,697,bonetto,\N,Italian
698,698,cruz,\N,Argentine
699,699,nalon,\N,American
700,700,scarborough,\N,American
701,701,holland,\N,American
702,702,bob_scott,\N,American
703,703,legat,\N,Belgian
704,704,cabantous,\N,French
705,705,crook,\N,British
706,706,jimmy_stewart,\N,British
707,707,ian_stewart,\N,British
708,708,duncan_hamilton,\N,British
709,709,klodwig,\N,East German
710,710,krause,\N,East German
711,711,karch,\N,German
712,712,heeks,\N,German
713,713,fitzau,\N,East German
714,714,adolff,\N,German
715,715,bechem,\N,German
716,716,bauer,\N,German
717,717,hans_stuck,\N,German
718,718,loof,\N,German
719,719,scherrer,\N,Swiss
720,720,terra,\N,Swiss
721,721,hirt,\N,Swiss
722,722,carini,\N,Italian
723,723,fischer,\N,Swiss
724,724,ulmen,\N,German
725,725,abecassis,\N,British
726,726,george_connor,\N,American
727,727,rigsby,\N,American
728,728,james,\N,American
729,729,schindler,\N,American
730,730,fonder,\N,American
731,731,banks,\N,American
732,732,mcdowell,\N,American
733,733,miller,\N,American
734,734,ball,\N,American
735,735,tornaco,\N,Belgian
736,736,laurent,\N,Belgian
737,737,obrien,\N,American
738,738,gaze,\N,Australian
739,739,charrington,\N,British
740,740,comotti,\N,Italian
741,741,etancelin,\N,French
742,742,poore,\N,British
743,743,thompson,\N,British
744,744,downing,\N,British
745,745,graham_whitehead,\N,British
746,746,bianco,\N,Brazilian
747,747,murray,\N,British
748,748,cantoni,\N,Uruguayan
749,749,aston,\N,British
750,750,brudes,\N,German
751,751,riess,\N,German
752,752,niedermayr,\N,German
753,753,klenk,\N,German
754,754,balsa,\N,French
755,755,schoeller,\N,Swiss
756,756,pietsch,\N,German
757,757,peters,\N,German
758,758,lof,\N,Dutch
759,759,flinterman,\N,Dutch
760,760,dusio,\N,Italian
761,761,crespo,\N,Argentine
762,762,rol,\N,Italian
763,763,sanesi,\N,Italian
764,764,guy_mairesse,\N,French
765,765,louveau,\N,French
766,766,wallard,\N,American
767,767,forberg,\N,American
768,768,rose,\N,American
769,769,mackey,\N,American
770,770,green,\N,American
771,771,walt_brown,\N,American
772,772,hellings,\N,American
773,773,levegh,\N,French
774,774,chaboud,\N,French
775,775,gordini,\N,French
776,776,kelly,\N,Irish
777,777,parker,\N,British
778,778,shawe_taylor,\N,British
779,779,john_james,\N,British
780,780,branca,\N,Swiss
781,781,richardson,\N,British
782,782,jover,\N,Spanish
783,783,grignard,\N,French
784,784,hampshire,\N,British
785,785,crossley,\N,British
786,786,fagioli,\N,Italian
787,787,harrison,\N,British
788,788,fry,\N,British
789,789,martin,\N,French
790,790,leslie_johnson,\N,British
791,791,biondetti,\N,Italian
792,792,pian,\N,Argentine
793,793,sommer,\N,French
794,794,chitwood,\N,American
795,795,fohr,\N,American
796,796,ader,\N,American
797,797,holmes,\N,American
798,798,levrett,\N,American
799,799,jackson,\N,American
800,800,pagani,\N,Italian
801,801,pozzi,\N,French
802,802,serafini,\N,Italian
803,803,cantrell,\N,American
804,804,mantz,\N,American
805,805,kladis,\N,American
806,806,oscar_gonzalez,\N,Uruguayan
807,807,hulkenberg,HUL,German
808,808,petrov,PET,Russian
809,810,grassi,DIG,Brazilian
810,811,bruno_senna,SEN,Brazilian
811,812,chandhok,CHA,Indian
812,813,maldonado,MAL,Venezuelan
813,814,resta,DIR,British
814,815,perez,PER,Mexican
815,816,ambrosio,DAM,Belgian
816,817,ricciardo,RIC,Australian
817,818,vergne,VER,French
818,819,pic,PIC,French
819,820,chilton,CHI,British
820,821,gutierrez,GUT,Mexican
821,822,bottas,BOT,Finnish
822,823,garde,VDG,Dutch
823,824,jules_bianchi,BIA,French
824,825,kevin_magnussen,MAG,Danish
825,826,kvyat,KVY,Russian
826,827,lotterer,LOT,German
827,828,ericsson,ERI,Swedish
828,829,stevens,STE,British
829,830,max_verstappen,VER,Dutch
830,831,nasr,NAS,Brazilian
831,832,sainz,SAI,Spanish
832,833,merhi,MER,Spanish
833,834,rossi,RSS,American
834,835,jolyon_palmer,PAL,British
835,836,wehrlein,WEH,German
836,837,haryanto,HAR,Indonesian
837,838,vandoorne,VAN,Belgian
838,839,ocon,OCO,French
839,840,stroll,STR,Canadian
840,841,giovinazzi,GIO,Italian
841,843,brendon_hartley,HAR,New Zealander
842,844,leclerc,LEC,Monegasque
843,845,sirotkin,SIR,Russian
844,846,norris,NOR,British
845,847,russell,RUS,British
846,848,albon,ALB,Thai
847,849,latifi,LAT,Canadian
848,850,pietro_fittipaldi,FIT,Brazilian
849,851,aitken,AIT,British
850,852,tsunoda,TSU,Japanese
851,853,mazepin,MAZ,Russian
852,854,mick_schumacher,SCH,German
